ID,Pos,F Name,L Name,OVR,Value
45476,QB,Jessie,Noel,84,39.74
60135,QB,Peter,London,83,47.19
55373,QB,Dean,Hammonds,82,44.71
51956,QB,David,Chop,82,42.22
40157,QB,Jose,Padilla,81,34.77
35310,QB,Patrick,Johnson,80,20.64
60285,QB,Joseph,Garibay,80,35.65
60310,QB,Miguel,Aguilera,80,35.65
51216,QB,Gerald,Lewis,78,31.9
51262,QB,Lamar,Johnson,77,31.9
55600,QB,Robert,Morris,77,33.78
65199,QB,Gregory,Taphorn,77,37.53
30539,QB,Gary,Freitag,76,15.01
55522,QB,Jeremiah,West,76,33.78
46829,QB,James,Hixon,75,27.45
46863,QB,James,Rivera,75,27.45
69978,QB,Christian,Sinnock,75,36.02
40505,QB,Philip,Avila,74,20.88
40241,QB,Aaron,Pool,73,20.88
70030,QB,Jerome,Morrison,72,31.32
33740,QB,Steven,Connolly,71,11.93
70372,QB,Randall,Hansen,70,15.12
65197,QB,Wayne,Reimer,70,14.4
64830,QB,Cecilio,Fuentes,67,2.95
67039,QB,Philippe,Conner,65,3.1
62855,QB,Donald,Gurevich,65,2.95
62822,QB,Paul,Byrd,65,2.95
66454,QB,Vernon,Bly,64,3.1
70138,QB,Monty,Turner,64,3.26
61920,QB,Jerald,Nicholson,64,2.95
67421,QB,Jose,Delpozo,64,3.1
66827,QB,Timothy,Bruder,64,3.1
69977,QB,Clarence,Hobson,64,3.26
70827,QB,Harold,Hamm,64,3.26
62595,QB,Rudy,Stokes,63,1.95
70303,QB,Geronimo,Montes,63,2.15
63004,QB,Joseph,Valenzuela,63,1.95
70088,QB,Adam,Johnston,63,2.15
66495,QB,Agustin,Randall,62,1.2
54639,QB,Pedro,Cruz,59,1.02
58494,QB,Timothy,Chadwick,59,1.08
54772,QB,Chad,Schettino,59,1.02
48549,QB,Erik,Burns,57,0.96
60139,RB,James,Carter,86,21.64
55455,RB,Max,Smith,82,20.5
55535,RB,David,Taylor,82,20.5
60519,RB,Joseph,Cale,81,21.64
65075,RB,Juan,Mora,81,22.78
60809,RB,Michael,Fulmer,80,15.17
55561,RB,Thomas,Gesick,80,14.37
45157,RB,Dario,Tamayo,79,12.46
50162,RB,Stephen,Tabbert,79,13.23
69984,RB,Hue,Khan,77,16.35
46195,RB,Gregg,Lemay,77,12.46
40441,RB,Ronnie,Jefferson,76,10.9
50431,RB,Bruno,Hanson,76,13.23
40168,RB,Stanley,Piper,75,10.9
35426,RB,James,Agnew,75,8.56
65149,RB,Gregory,Sellers,75,15.57
46628,RB,Michael,Torgler,74,12.46
50363,RB,Wayne,Ricketts,74,13.23
40378,RB,John,Woodward,74,10.9
38345,RB,Kenneth,Williams,74,8.56
30047,RB,John,Knighten,73,6.23
66337,RB,Carl,Frost,72,15.57
70006,RB,Adel,Fraire,70,16.35
30206,RB,David,Perrigin,70,6.23
66238,RB,Milton,Evans,69,8.5
60178,RB,Michael,Wade,69,8.08
70196,RB,Timothy,Miller,68,8.93
61305,RB,William,Webber,68,8.08
66824,RB,Ted,Booth,67,5.81
62262,RB,Roger,Phillips,67,5.51
66430,RB,Steven,Friant,67,5.81
60604,RB,Melvin,Arnold,67,5.51
63510,RB,Daniel,Stordahl,67,5.51
62264,RB,James,Ibach,66,2.49
62142,RB,Alonzo,Snead,66,2.49
62780,RB,Thomas,Vorisek,66,2.49
63812,RB,Charles,Galvan,65,1.56
67217,RB,Michael,Vance,65,1.64
70342,RB,Yao,Richardson,65,1.72
50096,FB,Michael,Carter,87,7.97
46656,FB,Donald,Johnson,76,7.5
65231,FB,Howard,Mcintosh,74,9.38
51385,FB,Saul,Galvan,73,7.97
66787,FB,Clement,Carr,69,4.8
70127,FB,David,Vargas,69,5.04
30045,FB,Todd,Thibodeaux,69,1.92
70145,FB,Richard,Patrick,67,5.04
66257,FB,Esteban,Diaz,65,4.8
62737,FB,Matthew,Spada,65,4.56
61528,FB,Philip,Whitley,65,4.56
60502,WR,Christopher,Lee,89,30.79
60146,WR,James,Blanck,87,30.79
55219,WR,Gilberto,Silva,84,29.17
50523,WR,Mathew,Madden,84,27.55
55560,WR,Paul,Gurule,83,29.17
65743,WR,Daniel,Elswick,83,32.41
45160,WR,Charles,Grady,82,23.57
40250,WR,Charles,Brown,82,20.62
65706,WR,Russell,Barnes,81,22.8
61818,WR,Fernando,Owens,80,21.66
69992,WR,Richard,Maguire,80,23.94
60516,WR,Donald,Kelly,80,21.66
60376,WR,Kenny,White,80,21.66
65410,WR,Anthony,Larry,80,22.8
55499,WR,Edwin,Chabolla,80,20.52
51585,WR,Keith,Davis,79,19.38
55541,WR,Scott,Baldwin,79,20.52
55536,WR,Rodrigo,Gonzalez,78,20.52
51507,WR,Terrence,Hoffman,78,19.38
65077,WR,Walter,Nwachukwu,78,22.8
60346,WR,Antonio,Campoverde,77,21.66
51531,WR,Donald,Galligan,77,19.38
51278,WR,Kevin,Lund,77,19.38
65234,WR,Raymond,Stelly,77,22.8
55215,WR,Ronald,Spencer,77,20.52
46416,WR,Brian,Adams,76,18.24
41457,WR,Victor,Villamar,76,15.96
71200,WR,George,Lovejoy,76,23.94
65157,WR,Barry,Madruga,75,22.5
70314,WR,Edwin,Garcia,75,23.63
27360,WR,Eric,Palkovich,73,5.63
69993,WR,Rafael,Rosario,72,14.28
70117,WR,Antonio,Arellano,72,14.28
30058,WR,Franco,Milton,71,5.44
30119,WR,Michael,King,71,5.44
71234,WR,Lawrence,Sanders,70,11.39
64094,WR,Joshua,Morice,69,10.31
67678,WR,Clarence,Napier,69,10.85
70637,WR,Anthony,Stovall,69,11.39
67671,WR,Jamie,Murray,68,7.9
62531,WR,Jose,Maldonado,68,7.5
55202,TE,Sebastian,Moore,85,26.73
60412,TE,Randy,Wright,83,28.22
55589,TE,Carmine,Rhodes,82,26.73
50122,TE,Kerry,Slomba,80,25.25
40259,TE,Mark,Lysek,79,20.79
60287,TE,Jamie,Ramirez,79,25.65
60186,TE,Matthew,Lee,78,13.38
61471,TE,Jan,Summers,78,13.38
51774,TE,Jose,Sobrevilla,78,11.97
61884,TE,Glenn,Lloyd,78,13.38
51303,TE,Jin,Zhong,77,11.97
55603,TE,John,Hendrickson,77,12.67
48444,TE,Michael,Vega,76,11.26
56547,TE,Henry,Green,76,12.67
45315,TE,Michael,Delucia,74,10.1
65915,TE,Enrique,Rodriguez,74,12.62
41143,TE,Kevin,Black,73,8.73
65298,TE,Frank,Moore,73,12.47
39234,TE,Michael,Katz,73,6.86
35582,TE,John,Koerner,72,6.2
70228,TE,Charles,Tice,70,11.84
25957,TE,Damien,Boone,69,2.82
70662,TE,Jaime,Perez,68,11.84
70268,TE,Wayne,Brooks,67,11.84
62121,TE,Roberto,Duenez,67,10.71
62409,TE,Randal,Marquardt,67,10.71
71526,TE,Nick,Evans,66,6.79
67271,TE,Charles,Shields,66,6.47
61101,TE,Stephen,Barnett,66,6.15
61669,TE,Jason,Holbrook,66,6.15
62732,TE,Feng,Song,65,2.34
60115,OT,Oscar,Martinez,90,35.16
60124,OT,Kevin,Escobar,87,35.16
45200,OT,Haim,Costa,86,29.61
55336,OT,Nelson,Garcia,85,33.31
50109,OT,Sung,Liu,84,31.46
65080,OT,John,Alfred,83,33.65
41875,OT,Donald,Vereeke,83,23.56
50114,OT,Charles,Seay,82,28.6
60991,OT,Richard,Farris,82,31.97
70113,OT,Herman,Knott,81,35.33
61243,OT,Peter,Smith,81,31.97
65127,OT,Jeffrey,Theriot,81,33.65
60420,OT,Derek,Dixon,81,31.97
65082,OT,James,Knoll,80,28.35
60130,OT,Craig,Parrish,79,26.93
30070,OT,Kenneth,Draper,78,11.34
51073,OT,Neil,Hankins,78,24.1
50610,OT,Eric,Terrell,78,24.1
70022,OT,Jon,Mendenhall,78,29.77
46388,OT,Donn,Shuster,77,22.68
65468,OT,Young,Pascual,77,28.35
51693,OT,Jacob,Kerns,77,24.1
56186,OT,Mark,Bishop,77,25.52
55887,OT,Brad,Wells,77,25.52
65368,OT,Bao,Sultana,77,28.35
65456,OT,Javier,Barber,76,28.35
70222,OT,Bradley,Mcpherson,76,29.77
55918,OT,Robert,Anderson,76,25.52
46626,OT,Ron,Cubbage,75,22.68
46106,OT,Shawn,Talley,75,22.68
40202,OT,Edward,Shea,75,19.85
35902,OT,Michael,Johnson,71,6.23
60125,OG,Paul,Caruso,89,62.44
60191,OG,Joseph,Bordewyk,87,62.44
60245,OG,William,Chittum,87,25.71
55409,OG,William,Greer,87,24.35
60117,OG,Robert,Smith,86,25.71
50110,OG,Jason,Naylor,86,20.91
65081,OG,Ramon,Diaz,86,24.6
55198,OG,David,Mcneal,83,22.14
50462,OG,William,Do,82,20.91
40150,OG,Louis,Perez,80,15.68
61559,OG,Daniel,Mousseau,80,21.28
61377,OG,Jorge,Ledezma,79,20.78
41725,OG,Ronald,Price,79,15.31
65219,OG,Dennis,Matsui,79,21.87
60616,OG,Joseph,Kolodny,79,20.78
61260,OG,Thomas,Jordan,79,20.78
66383,OG,Roosevelt,Penn,79,21.87
65460,OG,Kyle,Schneider,78,21.87
35514,OG,Mike,Xiong,78,12.03
57296,OG,Allen,Althoff,78,19.68
56804,OG,Mohan,Gupta,77,19.68
65465,OG,Daniel,Astudillo,77,21.87
50176,OG,Keith,Nelson,76,18.59
55460,OG,Morris,Tye,76,19.68
50445,OG,Mark,Sharkey,76,18.59
48493,OG,Carmelo,Goto,75,17.5
51540,OG,Nicolas,Conti,75,18.59
46731,OG,Hector,Faulkner,74,15.21
70331,OG,Luis,Cruz,73,19.96
45380,OG,Dennis,Boles,72,15.21
40379,OG,Donnell,Burns,72,13.31
70183,OG,Mark,Killough,71,19.96
36385,OG,Mark,Stern,70,3.63
55370,C,Walter,Arrasmith,83,21.35
45484,C,Robert,Smith,82,18.98
50663,C,Orlando,Deberry,82,20.17
65271,C,Sean,Duell,80,23.72
65266,C,Raul,Hallett,79,23.72
56481,C,Fred,Garland,78,19.12
56824,C,Anthony,Helton,78,19.12
35215,C,Raul,Salazar,77,11.68
60927,C,Darren,Willard,77,20.18
51110,C,Scott,Gatewood,76,18.05
46381,C,Mark,Transue,76,16.99
61579,C,Randy,Harrell,76,20.18
50516,C,Scott,Bianchi,76,18.05
56920,C,Miguel,Robertson,76,19.12
61512,C,Richard,Campos,74,16.93
45362,C,Michael,Kern,73,14.08
65877,C,Todd,Brumlow,73,17.6
50342,C,Joel,Hudson,73,14.96
70204,C,Kenneth,Eggleston,73,18.48
70407,C,Joe,Mejia,68,6.64
66234,C,Reginald,Campbell,67,6.33
62360,C,Michael,Nguyen,67,6.01
71540,C,Timothy,Gurganus,66,6.64
61964,C,Ruben,Gallardo,66,6.01
61553,C,James,Pipkin,66,6.01
62332,C,Jimmy,Walker,66,6.01
70430,C,Louis,Chittenden,66,6.64
60565,C,Jaime,Mir,65,6.01
65042,C,Steven,Stec,65,6.01
66359,C,John,Osborn,65,6.33
63262,C,John,Rockhill,65,6.01
70150,C,Franklin,Mitchell,65,6.64
63439,C,Henry,Lollis,65,6.01
63267,C,James,Kohn,65,6.01
60112,DE,Chad,Bruce,90,39.5
60489,DE,Damon,Lucas,87,39.5
45348,DE,Richard,Lucia,86,33.26
55217,DE,David,Cunningham,85,37.42
45170,DE,Brett,Mcphail,85,33.26
45335,DE,Jeremy,Pruitt,84,26.66
65089,DE,Andrew,Rahi,84,33.32
50828,DE,James,Kiger,84,28.32
40327,DE,Bryan,Ludi,84,23.33
40166,DE,Stephen,Brouillet,81,23.33
65814,DE,Aaron,Stokes,80,33.32
65179,DE,Phillip,Wilcox,79,33.32
35843,DE,Erik,Schaefer,79,18.33
65208,DE,Krzysztof,Leatherman,79,33.32
55856,DE,Brian,Yokum,79,29.99
61031,DE,David,Sparacino,77,25.56
61201,DE,William,Poku,77,25.56
60834,DE,Vaughn,Johnson,77,25.56
60872,DE,Nicholas,Sarno,77,25.56
55291,DE,Jeffery,Amend,77,24.21
55531,DE,Paul,Munford,77,24.21
25285,DE,Ray,Jackson,76,6.73
46186,DE,Robert,Jackson,75,21.4
46482,DE,Stephen,Dinardo,75,21.4
41897,DE,James,Wood,75,18.73
51937,DE,Paul,Huffman,75,22.74
51484,DE,Todd,Showalter,74,12.67
51735,DE,William,May,74,12.67
69988,DE,Michael,Dewitt,73,15.65
70215,DE,Roy,Cali,73,15.65
36871,DE,Gregory,Charpentier,71,6.74
62453,DE,Michael,Waldo,68,11.64
64389,DE,Eric,Stephens,68,11.64
63609,DE,David,Tibbits,68,11.64
63333,DE,Daniel,Rojas,67,11.64
70053,DE,Bruce,Utesch,67,12.86
66526,DE,Richard,Kalisch,67,12.25
60917,DE,Abel,Moore,67,11.64
61516,DE,Ernest,Morgan,67,11.64
62527,DE,Glenn,Setzer,67,11.64
64737,DE,Larry,Danner,67,11.64
62369,DE,David,Eck,67,11.64
70198,DE,Joseph,Little,66,8.03
66149,DE,Jaime,Hernandez,66,7.65
71151,DE,Rigoberto,Juarez,66,8.03
70169,DE,Hugh,Cohen,66,8.03
60553,DE,Zachary,Willwerth,66,7.27
61148,DE,Douglas,Ehrmann,66,7.27
60658,DT,Jeffrey,Jesse,85,32.34
50140,DT,Philip,Nagel,85,28.94
61428,DT,Robert,Berry,85,32.34
55343,DT,Robert,Miller,84,30.64
36850,DT,Timothy,Taylor,82,18.72
41718,DT,David,Buchheit,81,21.36
45540,DT,Robert,Monzel,81,24.41
60448,DT,Jesus,Gonzalez,80,28.98
61562,DT,Steven,Kapfhammer,79,28.98
60470,DT,Elliott,Grossman,79,28.98
55368,DT,Leon,Payne,79,27.46
62249,DT,Gary,Wheeler,78,20.58
65418,DT,Russell,Garban,78,21.66
60329,DT,Eric,Simon,78,20.58
50378,DT,Mario,Sisneros,78,18.41
55363,DT,Richard,Crawford,78,19.49
56868,DT,Michael,Cuevas,78,19.49
53244,DT,Matthew,Zimmer,77,15.85
40170,DT,David,Digirolamo,77,13.05
61738,DT,Jose,Sola,77,17.71
51925,DT,Reyes,Dzul,77,15.85
45567,DT,James,Henze,76,12.88
65398,DT,Bradley,Crook,76,16.1
65367,DT,Neil,Henry,76,16.1
45518,DT,Howard,Phillips,74,12.88
66936,DT,Michael,Barrera,71,16.1
62588,DT,Edward,Mallory,69,12.66
67924,DT,Mark,Tran,68,13.33
60632,DT,Ronald,Dixon,68,12.66
61578,DT,Marvin,Scott,67,12.66
67776,DT,Marco,Everett,67,13.33
66134,DT,Stuart,Nelson,66,13.33
62291,DT,John,Cuthbertson,66,12.66
62967,DT,Thomas,Estep,66,12.66
60884,DT,Lloyd,Garrett,65,12.66
70470,DT,Joseph,Rasmussen,65,13.99
65593,DT,Billy,Smith,65,13.33
70102,DT,Lance,Nguyen,65,13.99
68479,DT,William,Esteves,65,13.33
65258,DT,Samuel,Kim,65,13.33
62233,DT,Juan,Zuniga,65,12.66
68434,DT,Sylvester,White,65,13.33
63402,DT,Grady,Randall,65,12.66
66538,DT,William,Neil,65,13.33
63654,DT,Arthur,Stuart,65,12.66
61989,DT,Adan,Gutierrez,65,12.66
60588,OLB,Karl,Rosania,86,33.29
69994,OLB,Brandon,Schroeder,84,36.8
56376,OLB,Ramon,Hubanks,83,31.54
50323,OLB,Jacob,Wiseman,82,29.79
55420,OLB,Kirk,Ridley,81,31.54
50121,OLB,James,Stewart,81,27.08
40239,OLB,Paul,Craven,78,18.97
60722,OLB,Jason,Gregory,78,25.75
61290,OLB,Anthony,Rizzi,77,25.75
55351,OLB,Emory,Hightower,76,24.39
42533,OLB,William,Edwards,76,18.97
60790,OLB,Benjamin,Hanbury,76,25.75
50465,OLB,Jesus,Avalos,76,23.04
65365,OLB,Alen,Riley,76,27.1
55735,OLB,Alan,Feehan,75,24.39
65408,OLB,Jeffrey,Kersting,75,27.1
56916,OLB,Pierre,Smith,75,24.39
69998,OLB,Rodney,Labell,74,28.46
45407,OLB,Michael,Malone,74,21.68
69989,OLB,Richard,Davidson,74,28.46
65441,OLB,Lawrence,Carnes,74,27.1
45462,OLB,Andrew,Perkins,73,15.82
60348,OLB,Steven,Mcintosh,73,18.79
50145,OLB,Larry,Bushong,73,16.81
70267,OLB,Alton,Bradfield,73,20.76
40949,OLB,Howard,Dellinger,71,9.38
36212,OLB,Douglas,Bingaman,71,7.37
70234,OLB,Christopher,Rogers,68,9.24
61597,OLB,Ronald,Bergeron,68,8.36
27237,OLB,Alan,Thompson,67,2.2
66152,OLB,Stephen,Pearson,67,8.8
70223,OLB,Michael,Ruby,67,9.24
61757,OLB,David,Zumbrun,67,8.36
60199,ILB,Karl,Ogles,85,29.18
55200,ILB,Gordon,Wilburn,84,27.65
45449,ILB,Andrew,Bascue,81,24.57
45367,ILB,Julio,Jimenez,80,24.57
56599,ILB,Russell,Craw,79,27.65
56588,ILB,Christopher,Pratt,77,19.94
35741,ILB,Michael,Berger,77,12.18
55403,ILB,Tram,Singh,77,19.94
53409,ILB,Louis,Dell,77,18.83
60144,ILB,Todd,Bunch,76,16.89
53230,ILB,Samuel,Bronson,76,15.11
50173,ILB,Dennis,Jones,75,15.11
46157,ILB,David,Powers,73,14.22
45689,ILB,Glenn,Sosa,73,14.22
45805,ILB,Michael,Damme,73,14.22
36750,ILB,Mark,Keesey,72,6.99
65339,ILB,David,Stowell,71,12.7
34214,ILB,Patrick,Cannady,70,5.08
73300,ILB,Steven,Othon,69,13.34
31412,ILB,Jack,Ousley,68,5.08
65858,ILB,Mei,Felipe,68,12.7
70045,ILB,Erik,Arredondo,68,13.34
67052,ILB,Bryan,Thompson,67,5.21
70079,ILB,Max,Perez,67,5.47
70147,ILB,Michael,Price,67,6.54
63526,ILB,Patrick,Green,67,5.92
63537,ILB,Narinder,Beckmann,67,5.92
62772,ILB,Jonathan,Osborne,67,5.92
66760,ILB,Juan,Pacheco,66,6.23
70335,ILB,Nelson,Mcgarity,66,6.54
70123,ILB,Brian,Holder,66,6.54
60863,ILB,Thomas,Gupta,66,5.92
62522,ILB,Jon,Saksena,66,5.92
65388,ILB,Derrick,Hawkins,65,6.23
62311,ILB,Brent,Stover,65,5.92
65126,ILB,Charles,Walker,65,6.23
60652,ILB,Thomas,Bettenhausen,65,5.92
67906,ILB,Jeffrey,Rigoni,65,6.23
66715,ILB,Joe,Griffin,65,6.23
66498,ILB,Steven,Delucchi,65,6.23
60948,ILB,Larry,Arwood,65,5.92
62461,ILB,Ross,Fox,65,5.92
60622,ILB,Aaron,Hancock,65,5.92
60660,ILB,Victor,Gonzalez,65,5.92
62720,ILB,Roger,Wise,65,5.92
61740,ILB,Richard,Melo,65,5.92
63425,ILB,Salvador,Meza,65,5.92
60128,CB,Randy,Espino,88,31.99
60449,CB,Gregory,Williams,87,31.99
60145,CB,Huey,Ashe,85,31.99
55212,CB,George,Kent,84,30.31
60741,CB,Benedict,Deluna,84,31.99
46301,CB,Andrew,Kangas,83,24.49
65074,CB,Arthur,Medrano,83,30.62
60134,CB,Andrzej,Harris,82,29.09
45773,CB,William,Stevens,82,24.49
50134,CB,John,Warnock,82,26.02
60367,CB,Samuel,Frazier,82,29.09
60466,CB,Juan,Vega,82,29.09
40312,CB,Robert,Smith,80,19.04
36628,CB,Richard,Lupo,80,14.96
65084,CB,Ernest,Mccoy,79,27.2
65078,CB,Alan,Laurent,78,27.2
55578,CB,Marcos,Maldonado,78,24.48
36317,CB,William,Morin,77,14.96
55472,CB,Keith,Remy,77,24.48
53111,CB,Gary,Lindblad,77,23.12
56271,CB,William,Owens,77,24.48
50115,CB,Edward,Rivera,76,20.78
50373,CB,William,Johnson,75,20.78
70038,CB,Alvin,Annan,75,25.67
70279,CB,Daniel,Mendoza,74,25.67
45212,CB,Paul,Clark,74,19.56
44252,CB,Brian,Rowland,73,17.12
40289,CB,Dustin,Phillips,72,17.12
33028,CB,David,Stuckey,71,3.59
37170,CB,Jason,Holliman,71,4.94
63821,CB,Michael,Rebecca,69,8.53
67261,CB,Michael,Frizzell,69,8.98
68504,CB,James,Klasky,69,8.98
64731,CB,Jason,Bumbarger,69,9.93
63754,CB,Carl,Baptiste,68,9.93
71400,CB,Jason,Smothers,68,10.97
26010,CB,Christopher,Salgado,68,2.61
65644,CB,Dilip,Tran,68,10.45
67223,CB,Taylor,Selby,68,10.45
62536,CB,Roger,Nettles,68,9.93
63266,CB,Jason,Green,68,9.93
62031,CB,Paul,Wade,68,9.93
65551,CB,Robert,Briggs,67,10.45
71003,CB,Hugo,Hernandez,67,10.97
66052,CB,Benny,Murray,67,10.45
70585,CB,Roger,Swimmer,67,10.97
70988,CB,Barry,Taylor,67,10.97
64821,CB,Kenneth,Wheat,67,9.93
68199,CB,Roberto,Jimenez,67,10.45
67662,CB,Kevin,Cordova,67,10.45
70284,CB,Adrian,Goerner,67,10.97
71061,CB,Myron,Mahan,67,10.97
62326,CB,Lee,Kiser,67,9.93
70174,CB,Wei,Bao,67,10.97
62423,CB,Brice,Torres,67,9.93
60136,FS,Timothy,Monahan,84,28.97
50295,FS,Lucio,Escarcega,84,25.92
65069,FS,Leonard,Vaughn,84,30.5
56972,FS,Robert,Davis,84,27.45
56215,FS,Adam,Grier,80,27.45
60493,FS,Jason,Hinton,78,16.34
56619,FS,Joshua,Johnstone,77,15.48
60116,FS,Wade,Hires,76,16.34
51695,FS,Timothy,Sulton,74,14.62
70324,FS,Jorge,Mendez,74,18.06
41038,FS,Jerzy,Redding,74,12.04
45236,FS,Jorge,Ramirez,73,13.76
42086,FS,Steven,Carder,73,12.04
71032,FS,Thomas,Odom,69,18.06
64470,FS,Anthony,Daniels,69,16.34
66674,FS,Robert,Cook,68,6.98
66055,FS,Chong,Tracey,68,6.98
67646,FS,James,Garnette,67,6.98
64127,FS,Timothy,Ward,67,6.63
71270,FS,Jason,Odrain,67,7.32
66938,FS,Vadim,Camirand,66,6.98
71240,FS,Matthew,Campbell,66,7.32
60291,SS,Daryl,Lee,85,39.81
45417,SS,Johnny,Nguyen,83,33.53
55239,SS,Calvin,Preston,83,37.72
53274,SS,James,Wilson,80,35.62
61609,SS,Manish,Watson,78,39.81
61271,SS,Jose,Gomezrodriguez,77,25.84
35389,SS,Roy,Bass,76,14.96
51286,SS,Jeffrey,Cullum,76,23.12
56136,SS,William,Redman,76,24.48
65581,SS,Edwin,Carter,75,13.74
55494,SS,Patrick,Collins,75,12.37
50959,SS,Christopher,Lowe,75,11.68
65300,SS,Jan,Miller,74,13.74
47073,SS,Derick,Dudley,74,10.99
70004,SS,Brian,Johnson,72,9.68
31080,SS,Robert,Yellowhair,72,3.69
36787,SS,Daniel,Ortiz,70,5.07
25085,SS,Vicente,Bugarin,69,1.28
63261,SS,Pablo,Jovel,68,4.87
66525,SS,Oscar,Reyes,68,5.13
60730,SS,Kenneth,Hankins,67,3.33
63619,SS,Jeffery,Mcbrearty,67,3.33
67932,SS,Earl,Lewis,66,3.51
65569,SS,Daryl,Dillon,66,3.51
63484,SS,Raymond,Teague,66,3.33
66561,SS,Malik,Boyd,66,3.51
45264,K,David,Genter,86,11.37
51009,K,Jeffrey,Leon,84,12.08
53362,K,Rob,Downing,81,12.08
70306,K,Michael,Cox,80,14.92
36022,K,John,Raigoza,76,7.82
71818,K,Alan,Rutherford,72,3.15
67276,K,Paul,Tompkins,71,3
60812,K,Francis,Barmore,70,2.26
63211,K,Ramon,Veloz,70,2.26
60812,K,Francis,Barmore,70,2.26
62965,K,Hector,Gonzalez,70,2.26
35326,P,Brent,Garcia,80,5.03
45290,P,Wayne,Sutton,79,7.31
66458,P,Walter,Bullard,77,9.14
40894,P,Robert,Richbow,76,6.4
70256,P,Daniel,Schlabach,72,9.6
70357,P,Michael,Salvatore,71,3.78
68260,P,Jose,Garcia,71,3.6
66390,P,Richard,Sheridan,70,1.92
62507,P,Hung,Min,70,1.82
63419,P,Francisco,Orozco,70,1.82
71292,P,Manuel,Bonilla,69,2.01
67797,P,Sergio,Resendiz,69,1.92
62534,P,Patrick,Brown,69,1.82
66795,P,Brian,Kelly,69,1.92
60942,P,William,Shuck,69,1.82
60957,P,Tyler,Hamon,69,1.82
60942,P,William,Shuck,69,1.82
49360,OT,Timothy,Levingston,56,0.7
54101,OT,James,Schwarz,56,0.7
173,OT,Dallin,Kerrigan,56,0.7
323,OT,Eric,Bummer,56,0.7
434,OT,Tim,Pena,56,0.7
65,OT,Pasoni,Maybin,55,0.7
66,OT,Trai,Reaser,55,0.7
238,OT,Anthony,Wingenter,55,0.7
432,OT,Anthony,Bolt,55,0.7
199,OT,Arthur,Dominguez,54,0.7
276,OT,Brandon,Adams,54,0.7
369,OT,Minkah,Overbaugh,54,0.7
389,OT,Archie,Mbah a Moute,54,0.7
422,OT,Josiah,Johnson,54,0.7
452,OT,Rob,Adams,54,0.7
744,OT,Sandy,Bledsoe,54,0.7
1500,OT,Kaare,Spain,54,0.7
1696,OT,Justin,Paul,54,0.7
154,OT,Jeff,Meredith,53,0.7
165,OT,Wayne,Foreman,53,0.7
316,OT,Julius,Shamet,53,0.7
445,OT,Fernando,Pineda,53,0.7
979,OT,Isaac,Marshall,53,0.7
1317,OT,Ryan,Hill,53,0.7
158,OT,Tony,Beachy,52,0.7
498,OT,Kendal,Worthy,52,0.7
883,OT,Jon,Staggers,52,0.7
1029,OT,Damian,Garcia,52,0.7
1107,OT,Darren,Cordell,52,0.7
1248,OT,Kaare,McCreery,52,0.7
1313,OT,Jose,Gabriel,52,0.7
1601,OT,Stevan,Holland,52,0.7
1735,OT,Ron,Kelce,52,0.7
1793,OT,Melky,Niemann,52,0.7
579,OT,Alex,Washington,51,0.7
639,OT,Kodi,Johnson,51,0.7
664,OT,Colton,Jenkins,51,0.7
884,OT,Tyler,Longoria,51,0.7
914,OT,Jonathan,Sterling,51,0.7
1027,OT,Owa,Muscala,51,0.7
1119,OT,Eddie,Wisniewski,51,0.7
1126,OT,Joe,Tolliver,51,0.7
1137,OT,Kaelin,Korver,51,0.7
1354,OT,Walt,Davis,51,0.7
1363,OT,William,Kennedy,51,0.7
1529,OT,Greg,Moore,51,0.7
1571,OT,Ian,Blanding,51,0.7
1574,OT,Zach,Pelfrey,51,0.7
306,OT,Carson,Montelus,50,0.7
523,OT,Travaris,Malleck,50,0.7
596,OT,Myles,McCutchen,50,0.7
625,OT,Joe,Ogando,50,0.7
821,OT,Taurean,Payne,50,0.7
888,OT,Jenrry,Murray,50,0.7
896,OT,Andy,Kershaw,50,0.7
992,OT,Casey,Gordon,50,0.7
1013,OT,T.J.,Calixte,50,0.7
1034,OT,Scott,Castro,50,0.7
1065,OT,Earl,Logan,50,0.7
1172,OT,Vita,Cingrani,50,0.7
1314,OT,Josh,Hernandez,50,0.7
3132,OT,Adalberto,Reynolds,50,0.7
310,OT,Maurquice,Ingram,49,0.7
480,OT,Pat,Romero,49,0.7
551,OT,Dante,Eligwe,49,0.7
654,OT,Tyreke,Guice,49,0.7
657,OT,Lane,Cubillan,49,0.7
696,OT,Austin,Gano,49,0.7
791,OT,Tim,Romano,49,0.7
843,OT,Woodrow,Glasgow,49,0.7
913,OT,Steve,Rondon,49,0.7
1025,OT,Jean,Rodriguez,49,0.7
1058,OT,Matt,Kindred,49,0.7
1118,OT,Derek,Sanchez,49,0.7
1142,OT,Adam,Joseph,49,0.7
1243,OT,Chuck,Brendel,49,0.7
1256,OT,Brad,Houston-Carson,49,0.7
1469,OT,Ed,Urias,49,0.7
1495,OT,Shay,Adams,49,0.7
1497,OT,Jacob,Bayless,49,0.7
1515,OT,KeiVarae,Mondesi,49,0.7
1564,OT,Kent,Thurman,49,0.7
1636,OT,Malik,Halton,49,0.7
3090,OT,Marcus,Rosa,49,0.7
3145,OT,Craig,Lacombe,49,0.7
496,OT,Danuel,Harrison,48,0.7
588,OT,Rafael,Tocci,48,0.7
697,OT,Wilkin,Tiller,48,0.7
787,OT,Tsuyoshi,Jones,48,0.7
809,OT,Corey,Goodwin,48,0.7
1090,OT,Daniel,Fister,48,0.7
1150,OT,Justin,Cain,48,0.7
1173,OT,Eric,Barton,48,0.7
1247,OT,Joey,Grant,48,0.7
1421,OT,Tyrell,Baez,48,0.7
1493,OT,Darrell,Eaton,48,0.7
1720,OT,Matt,Alkins,48,0.7
1734,OT,Derek,Scarbrough,48,0.7
1812,OT,Garrett,Cannon,48,0.7
1952,OT,Nick,Shipley,48,0.7
1977,OT,Matthew,O'Neill,48,0.7
2104,OT,Donte,Smith,48,0.7
2290,OT,Donnie,Jimenez,48,0.7
2499,OT,Francisco,Paulsen,48,0.7
2844,OT,Ronny,Scribner,48,0.7
2974,OT,Alex,Schult,48,0.7
2995,OT,Zach,Alexander,48,0.7
506,OT,Ejuan,Edgin,47,0.7
521,OT,Shaq,Jones,47,0.7
581,OT,Patrick,Enns,47,0.7
661,OT,Will,McQuaide,47,0.7
921,OT,Gerson,Fulmer,47,0.7
1245,OT,Patrick,Jones,47,0.7
1586,OT,Dante,Okoronkwo,47,0.7
2055,OT,Skal,Bojorquez,47,0.7
2146,OT,Chris,Lewan,47,0.7
2158,OT,Abel,Stockton,47,0.7
2986,OT,Joey,Powell,47,0.7
780,OT,Taylor,Shaw,46,0.7
815,OT,Noah,Colon,46,0.7
1269,OT,Danielle,McLemore,46,0.7
1414,OT,Ethan,Jones,46,0.7
1666,OT,Brooks,Wright,46,0.7
60125,OG,Paul,Caruso,86,14.94
61937,OG,Vincent,Gomez,63,0.77
61234,OG,Rodney,Fells,63,0.77
63026,OG,Wayne,Jones,62,0.77
62930,OG,Steven,Hughes,62,0.77
62053,OG,Jin,Webb,62,0.7
64195,OG,Alejandro,Suarez,62,0.7
61350,OG,Ernest,Rowe,61,0.77
62831,OG,James,Hunt,61,0.77
62418,OG,Edward,Cooper,61,0.7
62452,OG,Frank,Bauman,61,0.7
64475,OG,Juan,Santiago,61,0.7
64814,OG,Carlton,Mathews,61,0.7
65895,OG,Ronald,King,61,0.77
64108,OG,William,Demarco,61,0.7
63078,OG,Stephen,Douglas,61,0.77
64676,OG,Roger,Wnek,61,0.7
54338,OG,Vicente,Martinez,60,0.77
60578,OG,David,Rideout,60,0.77
68005,OG,Qing,Pradhan,60,0.77
64059,OG,Cesar,Gonzalez,60,0.7
65514,OG,Terrence,Hankins,60,0.77
64139,OG,Samuel,Richard,60,0.77
63278,OG,Jesus,Guardia,59,0.7
61301,OG,Matt,Askins,59,0.7
62984,OG,Alfred,Carter,59,0.7
64314,OG,Ricardo,Gonzalez,59,0.7
63776,OG,Clifton,Ritter,59,0.7
71534,OG,Carl,Hill,59,0.7
57430,OG,Edward,Bratton,58,0.7
58522,OG,Thomas,Sommers,58,0.7
63398,OG,Miguel,Collazo,58,0.7
70526,OG,David,Hiegel,58,0.7
49207,OG,Erich,Jones,57,0.7
31951,OG,Wayne,Roy,57,0.7
39298,OG,Robert,Padilla,57,0.7
44845,OG,Howard,Burger,57,0.7
48735,OG,Anwar,Buenaventura,57,0.7
59769,OG,George,Votaw,57,0.7
59369,OG,James,Pendleton,57,0.7
63393,OG,Michael,Walden,57,0.7
62782,OG,Roderick,Baker,57,0.7
34394,OG,Mark,Harrison,56,0.7
39221,OG,Kevin,Barley,56,0.7
34636,OG,Joseph,Karmann,56,0.7
34863,OG,Howard,Smith,56,0.7
33787,OG,William,Eddy,56,0.7
43545,OG,Daniel,Burroughs,56,0.7
58698,OG,Robert,Froelich,56,0.7
388,OG,Joseph,Saric,56,0.7
446,OG,Jake,Borucki,56,0.7
320,OG,Max,Barnett,55,0.7
524,OG,Maurice,Hedges,55,0.7
262,OG,Steve,Paredes,54,0.7
338,OG,Serge,Garcia,54,0.7
900,OG,Keke,Garcia,54,0.7
235,OG,Deadrin,Okert,53,0.7
416,OG,Jose,Smith,53,0.7
420,OG,Darius,Crichton,53,0.7
692,OG,Matt,McKenry,53,0.7
1770,OG,Drake,Coleman,53,0.7
1100,OG,Eliezer,Smith,52,0.7
1165,OG,Dan,Duval,52,0.7
1582,OG,Brandon,Wile,52,0.7
1612,OG,Nick,Kouandjio,52,0.7
152,OG,Steven,Alexander,51,0.7
179,OG,Obi,Addae,51,0.7
569,OG,Geoff,Martini,51,0.7
656,OG,Taylor,Lucas,51,0.7
681,OG,Cameron,Shields,51,0.7
837,OG,Nate,James,51,0.7
976,OG,Alec,Williams,51,0.7
1086,OG,Cole,Luebke,51,0.7
1375,OG,Austin,Rogers,51,0.7
1429,OG,Mason,Thomas,51,0.7
1568,OG,Steven,Tucker,51,0.7
1602,OG,Andrew,Westbrook,51,0.7
1724,OG,Eric,Palumbo,51,0.7
552,OG,Yonathan,Mejia,50,0.7
662,OG,Clayton,Antetokounmpo,50,0.7
711,OG,Jack,Mills,50,0.7
776,OG,Xavien,Hughes,50,0.7
778,OG,Bruce,Wilson,50,0.7
938,OG,Mike,Denham,50,0.7
1112,OG,Quincy,McFadden,50,0.7
1127,OG,Rolan,Gosewisch,50,0.7
1486,OG,Sharif,Garcon,50,0.7
1718,OG,Taylor,Davis,50,0.7
2707,OG,John,Pill,50,0.7
157,OG,Ryan,Bellamy,49,0.7
504,OG,Russell,Wood,49,0.7
674,OG,A.J.,Canady,49,0.7
788,OG,Cassius,Brown,49,0.7
822,OG,Ronald,Richardson,49,0.7
1016,OG,Ro'Derrick,Vereen,49,0.7
1060,OG,LaDarius,Basham,49,0.7
1064,OG,Michael,Ngata,49,0.7
1463,OG,Landry,Petty,49,0.7
1521,OG,Dan,Nido,49,0.7
1624,OG,Jack,Crawford,49,0.7
1742,OG,Franchy,Smith,49,0.7
1748,OG,Bryce,Moskos,49,0.7
2613,OG,Dylan,Brock,49,0.7
410,OG,Isaiah,Davis,48,0.7
612,OG,Thomas,Dunn,48,0.7
618,OG,Giovanni,Kelce,48,0.7
829,OG,Jesen,Solarte,48,0.7
935,OG,Phil,Collins,48,0.7
957,OG,Derrick,Callahan,48,0.7
1003,OG,LeSean,Morrison,48,0.7
1082,OG,Jordan,Grossman,48,0.7
1098,OG,Malik,Holiday,48,0.7
1116,OG,Ryon,Schaub,48,0.7
1231,OG,Cody,King,48,0.7
1356,OG,Jalen,Weddle,48,0.7
1538,OG,Joshua,Lively,48,0.7
1621,OG,Brett,Miller,48,0.7
1651,OG,Zeke,Baynes,48,0.7
1662,OG,Willie,Uhatafe,48,0.7
1723,OG,Daniel,Rodgers,48,0.7
2545,OG,Seby,Shipley,48,0.7
2901,OG,Mitch,Bowanko,48,0.7
589,OG,Owa,Maxwell,47,0.7
660,OG,Cameron,Campbell,47,0.7
701,OG,Tyron,Poyer,47,0.7
735,OG,Cameron,Pinto,47,0.7
753,OG,Eric,Gibson,47,0.7
789,OG,Eury,Louis,47,0.7
1252,OG,Damon,Smith,47,0.7
1594,OG,Damon,Odor,47,0.7
1948,OG,Ja'Wuan,Walker,47,0.7
2309,OG,Randall,McDermott,47,0.7
3598,OG,Mike,Gilchrist,47,0.7
1378,OG,Fabio,Wright,46,0.7
2780,OG,Josh,Levin,46,0.7
1819,OG,Kelcie,Zawadzki,45,0.7
25206,C,Fidel,Trujillo,71,12.15
61579,C,Randy,Harrell,71,12.15
63267,C,James,Kohn,63,0.77
62360,C,Michael,Nguyen,63,0.77
63262,C,John,Rockhill,62,0.77
61553,C,James,Pipkin,62,0.77
60565,C,Jaime,Mir,61,0.7
68311,C,Ronald,Black,61,0.77
63823,C,James,Reed,60,0.77
71521,C,Barry,Downs,60,0.77
59385,C,Stephen,Rodriguez,59,0.7
63565,C,Reyes,Gonzalez,59,0.7
66417,C,Anthony,Henderson,59,0.7
34427,C,Lyubov,Moran,58,0.77
51093,C,John,Evon,58,0.7
49958,C,Darwin,Byrd,58,0.7
59265,C,Gregory,Cvancara,58,0.7
71559,C,William,Blanchard,58,0.7
62166,C,Jeffrey,Tallman,58,0.7
66703,C,Michael,Powell,58,0.7
71257,C,Rick,Shoemaker,58,0.7
37962,C,Christopher,Isaacs,57,0.7
43743,C,Jimmy,Beam,57,0.7
67392,C,Kenneth,Upchurch,57,0.7
67674,C,Stanley,Kittrell,57,0.7
54209,C,Chris,Gonzalez,56,0.7
65882,C,Michael,Carson,56,0.7
66609,C,Nicholas,Flores,56,0.7
63691,C,David,Mccorkle,56,0.7
70490,C,Michael,Salac,56,0.7
71071,C,Antonio,Navarro,56,0.7
71264,C,John,Mcgovern,56,0.7
144,C,Joseph,Lee,53,0.7
250,C,Justin,Phelps,53,0.7
341,C,Moritz,Rohlinger,53,0.7
406,C,Derrick,Lagares,53,0.7
368,C,Damon,Lopez,52,0.7
1744,C,DeVier,Sieler,52,0.7
947,C,Kevin,Alcantara,51,0.7
1550,C,John,Pinto,51,0.7
1575,C,Tony,Mitchell,51,0.7
857,C,Tyler,Grasu,50,0.7
1481,C,Garrett,Wright,50,0.7
1743,C,Kyle,Stewart,50,0.7
499,C,Cameron,Kobernus,49,0.7
1167,C,PJ,Coonrod,49,0.7
1406,C,Ryan,Hopkins,49,0.7
1708,C,Kyle,Turbin,49,0.7
566,C,Deante,Fort,48,0.7
684,C,Bismack,Richardson,48,0.7
998,C,Sam,Conley,48,0.7
1045,C,Khalfani,Calitro,48,0.7
1208,C,Sergio,Quessenberry,48,0.7
1360,C,Du'Vonta,Schroder,48,0.7
1362,C,Frankie,Weathersby,48,0.7
1570,C,Buddy,Ojeda,48,0.7
1693,C,Brett,Bleier,48,0.7
3479,C,Jose,Castillo,48,0.7
3566,C,Ryan,Kaprielian,48,0.7
1018,C,Tyler,Siegrist,47,0.7
1035,C,Terry,Little,47,0.7
1056,C,Kyle,Lewis-Harris,47,0.7
1237,C,Jon,Bishop,47,0.7
3197,C,Jamal,Torrens,47,0.7
1646,C,Jake,Lobaton,46,0.7
30234,DE,Scott,Totherow,73,16.41
61201,DE,William,Poku,72,14.92
26777,DE,Harold,Campbell,71,14.92
62453,DE,Michael,Waldo,64,0.77
60917,DE,Abel,Moore,63,0.77
63609,DE,David,Tibbits,63,0.77
64389,DE,Eric,Stephens,63,0.77
61516,DE,Ernest,Morgan,63,0.77
60553,DE,Zachary,Willwerth,62,0.77
62527,DE,Glenn,Setzer,62,0.77
61042,DE,David,Hine,61,0.77
62513,DE,Frank,Thielen,61,0.77
70173,DE,Peter,Mager,61,0.77
62640,DE,Michael,Hamman,61,0.7
59533,DE,Mel,Wolf,60,0.77
59404,DE,David,Bracy,60,0.77
60771,DE,Segundo,Garcia,60,0.77
64405,DE,Rudolph,Lewis,60,0.77
62569,DE,Lee,Kenney,60,0.77
66000,DE,Sean,Wilson,60,0.77
63039,DE,Ray,Baek,60,0.77
60825,DE,Roberto,Montes,59,0.7
61974,DE,Joao,Greco,59,0.7
48979,DE,Alex,Howe,58,0.7
44071,DE,James,Jones,58,0.7
59632,DE,Ricardo,Soto,58,0.7
63524,DE,Kirt,Hilson,58,0.77
70657,DE,Jerome,Spivey,58,0.7
71017,DE,Scott,Starkman,58,0.7
64826,DE,Bo,Ang,58,0.7
62912,DE,Ralph,Hernandez,58,0.77
65654,DE,James,Turner,58,0.7
57979,DE,Cole,Havel,57,0.7
52426,DE,John,Dunlop,57,0.7
29360,DE,Gary,Madrigal,56,0.77
39501,DE,Scott,Saley,56,0.7
39797,DE,Wallace,Abad,56,0.7
39701,DE,Eric,Magoon,56,0.7
39057,DE,Alan,Chollet,56,0.7
47286,DE,Peter,Webster,56,0.7
54388,DE,Nicholas,Mccombs,56,0.7
58826,DE,Michael,Barton,56,0.7
227,DE,Dustin,Clark,54,0.7
74,DE,Kyle,Stammen,53,0.7
131,DE,Yannick,Perez,53,0.7
133,DE,Lou,Robertson-Harris,53,0.7
34,DE,Erik,Machado,52,0.7
151,DE,Jung,Vasto,52,0.7
251,DE,Jeremy,Moore,52,0.7
286,DE,Jim,Wolters,52,0.7
382,DE,Lorenzo,Massie,52,0.77
385,DE,DeShone,Escalona,52,0.7
1148,DE,Mike,Clark,52,0.7
92,DE,Yonder,Escobar,51,0.7
114,DE,Jordan,Toussaint,51,0.7
395,DE,Earl,Cole,51,0.7
437,DE,Curtis,Font,51,0.7
673,DE,Neftali,Douglas,51,0.7
890,DE,Alex,Jackson,51,0.7
1001,DE,Reggie,Price,51,0.7
1099,DE,Eric,Williams,51,0.7
1224,DE,Kylie,Sisco,51,0.7
363,DE,Ben,Storen,50,0.7
470,DE,Steven,Melton,50,0.7
486,DE,Brooks,Williams,50,0.7
507,DE,Andre,Brown,50,0.7
595,DE,Marcus,Pouncey,50,0.7
794,DE,Ryan,Norris,50,0.7
812,DE,Niko,McCollum,50,0.7
847,DE,Perci,Noah,50,0.7
863,DE,Carlos,Ellington,50,0.7
984,DE,Sean,McKinney,50,0.7
1178,DE,Tomas,Span,50,0.7
1187,DE,Jordan,Votto,50,0.7
1351,DE,Kareem,Sparkman,50,0.7
1420,DE,Jonnu,Mitre,50,0.7
1441,DE,Mike,Manship,50,0.7
1618,DE,Anthony,Carroo,50,0.7
1638,DE,Mason,Recker,50,0.7
1689,DE,Asantay,Marshall,50,0.7
190,DE,James,Gage,49,0.7
537,DE,Anderson,Swoopes,49,0.7
646,DE,Vernon,Peralta,49,0.7
709,DE,Robert,Willson,49,0.7
714,DE,Yuta,Chen,49,0.7
742,DE,Ryan,DiLauro,49,0.7
823,DE,Esmailin,Robinson,49,0.7
869,DE,Jermaine,Smith,49,0.7
901,DE,Adam,Serrano,49,0.7
1039,DE,Brendan,Neris,49,0.7
1184,DE,Chad,Thurman,49,0.7
1198,DE,Allen,Carignan,49,0.7
1255,DE,Landon,Ott,49,0.7
1337,DE,J.T.,Jones,49,0.7
1376,DE,Eric,Barnes,49,0.7
1387,DE,David,Edwards,49,0.7
1413,DE,James,Vander Laan,49,0.7
1472,DE,Victor,Cobb,49,0.7
1606,DE,Jalen,Perez,49,0.7
1653,DE,Alex,Dirks,49,0.7
1654,DE,Ryan,Rasmus,49,0.7
1700,DE,Luke,Blythe,49,0.7
1709,DE,Kevin,Riefenhauser,49,0.7
1715,DE,Tyler,McFadden,49,0.7
456,DE,Norman,Arredondo,48,0.7
467,DE,Bobby,Rizzo,48,0.7
535,DE,Matt,McGrath,48,0.7
644,DE,Hector,Levrone,48,0.7
694,DE,Luke,Kaprielian,48,0.7
806,DE,Warner,Jernigan,48,0.7
927,DE,Jackie,Brown,48,0.7
933,DE,Travis,Machado,48,0.7
974,DE,Jaire,Moore,48,0.7
982,DE,Eric,Robinson,48,0.7
1019,DE,Logan,Peterson,48,0.7
1066,DE,Tony,Threets,48,0.7
1089,DE,Conor,Calitro,48,0.7
1135,DE,Briean,Diplan,48,0.7
1138,DE,A.J.,Hernandez,48,0.7
1145,DE,Austin,Lee,48,0.7
1177,DE,Chris,Bandy,48,0.7
1249,DE,Greg,Smallwood,48,0.7
1272,DE,Aqib,Cunningham,48,0.7
1436,DE,Jesse,Jefferson,48,0.7
1622,DE,Connor,Tiller,48,0.7
1629,DE,Nick,Whalen,48,0.7
1683,DE,Frank,Tonyan,48,0.7
1691,DE,Andrew,Diaz,48,0.7
1741,DE,Ty,Martin,48,0.7
283,DE,Raimel,Williams,47,0.7
576,DE,Josh,Thomas,47,0.7
615,DE,Ryan,Mitrou-Long,47,0.7
655,DE,Jesus,Radcliff,47,0.7
669,DE,Nick,Ortega,47,0.7
720,DE,Luke,Halton,47,0.7
785,DE,Ryan,Ho Kang,47,0.7
1020,DE,John,Hamilton,47,0.7
1061,DE,Shane,Hays,47,0.7
1106,DE,Ryan,Semien,47,0.7
1151,DE,Garrett,Cole,47,0.7
1242,DE,Nelson,Perkins,47,0.7
1267,DE,Farrington,Jones,47,0.7
1275,DE,Ariel,Perez,47,0.7
1296,DE,Brad,Allen,47,0.7
1407,DE,Isaiah,Claudio,47,0.7
1422,DE,Aramis,Williams,47,0.7
1547,DE,Moritz,Vigil,47,0.7
1556,DE,Will,Ojeda,47,0.7
1611,DE,Trevor,Garoppolo,47,0.7
1626,DE,Jason,Allen,47,0.7
1637,DE,Tommy,Mitchell,47,0.7
1640,DE,Sebastian,Romo,47,0.7
1814,DE,Jonathan,Howard,47,0.7
2093,DE,Taiwan,Crick,47,0.7
543,DE,Robinzon,Cavanaugh,46,0.7
634,DE,Domata Sr.,Wall,46,0.7
811,DE,Ben,Armbrister,46,0.7
905,DE,Aqib,Nichols,46,0.7
1304,DE,Al-Rasheed,Williams,46,0.7
1305,DE,Hunter,Naquin,46,0.7
1326,DE,Francisco,Towns,46,0.7
1380,DE,Glover,Schweitzer,46,0.7
1498,DE,Shaquil,Bell,46,0.7
1749,DE,Corban,Kontos,46,0.7
2328,DE,Josmil,Maldonado,46,0.7
61562,DT,Steven,Kapfhammer,74,14.96
30410,DT,Michael,Dryer,73,14.96
62249,DT,Gary,Wheeler,73,14.96
60632,DT,Ronald,Dixon,65,0.7
61578,DT,Marvin,Scott,63,0.7
62967,DT,Thomas,Estep,63,0.77
60884,DT,Lloyd,Garrett,62,0.7
63654,DT,Arthur,Stuart,62,0.77
62233,DT,Juan,Zuniga,62,0.7
62291,DT,John,Cuthbertson,62,0.77
63402,DT,Grady,Randall,62,0.77
61730,DT,Terence,Graf,61,0.77
60682,DT,Jeff,Mcclellan,61,0.77
63544,DT,Huy,Henriques,61,0.77
66177,DT,Hyun,Shin,61,0.77
68434,DT,Sylvester,White,61,0.77
61057,DT,Rui,Lee,60,0.77
63312,DT,Eric,Pritchard,60,0.77
61885,DT,Jason,Shepherd,59,0.77
62580,DT,Richard,Forrest,59,0.77
63243,DT,Jose,Foster,59,0.7
63171,DT,Jared,Finley,59,0.77
63657,DT,Anthony,Flannigan,59,0.7
43608,DT,Michael,Ross,58,0.7
53084,DT,Matthew,Papas,58,0.7
58455,DT,Franklin,Green,58,0.7
57663,DT,Gary,Allen,58,0.7
65110,DT,Victor,Wright,58,0.7
39794,DT,John,Abdeljawad,57,0.7
52615,DT,John,Hodge,57,0.7
43651,DT,Jeffrey,Sanders,57,0.7
52839,DT,Richard,Odonnel,57,0.7
32183,DT,Christopher,Morgan,56,0.7
33744,DT,Robert,King,56,0.7
28587,DT,Thomas,Bowen,56,0.7
29005,DT,Nathaniel,Jefferson,56,0.7
47628,DT,Curtis,Turner,56,0.7
45107,DT,William,Gendreau,56,0.7
47965,DT,Peter,Chik,56,0.7
53716,DT,Joseph,Perez,56,0.7
44852,DT,Earnest,Jarman,56,0.7
57781,DT,Todd,Welker,56,0.7
57203,DT,Sean,Edwards,56,0.7
49937,DT,Jose,Matos,56,0.7
216,DT,Tim,Gaines,54,0.7
169,DT,Chase,Hodge,53,0.7
70,DT,Nick,Delcarmen,52,0.7
96,DT,Kevin,Davison,52,0.7
322,DT,Uchenna,Ozuna,52,0.7
407,DT,Clay,Anderson,52,0.7
454,DT,Jason,Bergstrom,52,0.7
1024,DT,Derek,Stephens,52,0.7
166,DT,John,Fusco,51,0.7
375,DT,Harrison,Reaser,51,0.7
1427,DT,Christin,Turner,51,0.7
1517,DT,Brian,Smith,51,0.7
1536,DT,Nick,Liddi,51,0.7
601,DT,Demone,Motter,50,0.7
943,DT,P.J.,Hale,50,0.7
1157,DT,Stephen,McCalister,50,0.7
1323,DT,Kyle,Blevins,50,0.7
1331,DT,Robert,Torres,50,0.7
1738,DT,William,Maye,50,0.7
1041,DT,Everson,Stout,49,0.7
1191,DT,Joe,Judy,49,0.7
1214,DT,Kevin,Scott,49,0.7
1401,DT,Jordan,Jackson,49,0.7
1449,DT,Ben,Smith,49,0.7
195,DT,Jose,Stephen,48,0.7
340,DT,Patrick,Jones,48,0.7
520,DT,Quinton,Urias,48,0.7
621,DT,Ben,Neary,48,0.7
719,DT,Thomas,Daniels,48,0.7
852,DT,Paul,Panik,48,0.7
1006,DT,Ricky,Mathis,48,0.7
1175,DT,Malik,Lopez,48,0.7
1299,DT,Edmond,Nelson,48,0.7
1452,DT,Mike,Towbridge,48,0.7
1516,DT,Logan,Thomas,48,0.7
1631,DT,Royce,Shackelford,48,0.7
1904,DT,David,Nieto,48,0.7
2164,DT,Shawn,Moats,48,0.7
540,DT,Ronald,Hassenauer,47,0.7
631,DT,Tre,Robertson,47,0.7
685,DT,Kyle,Dozier,47,0.7
726,DT,Greg,Parker,47,0.7
940,DT,Ty,Lewis,47,0.7
986,DT,Casey,Perez,47,0.7
1005,DT,Reyes,Freeman,47,0.7
1043,DT,Aaron,Billingsley,47,0.7
1374,DT,Taveze,Gonzalez,47,0.7
1403,DT,Marcus,Green,47,0.7
1448,DT,Ruben,Erlin,47,0.7
1476,DT,Kevin,Butler,47,0.7
1511,DT,Bruce,Valentin,47,0.7
1522,DT,Jake,Jefferson,47,0.7
1639,DT,J.J.,Cooks,47,0.7
1808,DT,Sam,Brown,47,0.7
2163,DT,Lucas,Martinez,47,0.7
2808,DT,Brandon,Hall,47,0.7
793,DT,Henry,Lopez,46,0.7
2065,DT,Tony,House,46,0.7
61597,OLB,Ronald,Bergeron,64,0.77
61757,OLB,David,Zumbrun,64,0.77
61622,OLB,Earl,Vandyke,62,0.77
61727,OLB,John,Duffy,62,0.77
62316,OLB,Leobardo,Vela,62,0.7
62283,OLB,John,Osman,62,0.77
62882,OLB,Lorne,Davis,62,0.7
62344,OLB,Michael,Naccarato,62,0.77
62321,OLB,Paul,Drum,61,0.7
61650,OLB,Luis,Moreno,61,0.77
62065,OLB,Gerald,Brouillette,61,0.7
61355,OLB,David,Baxter,61,0.77
62146,OLB,Kyle,Taylor,61,0.77
62230,OLB,Scott,Potash,61,0.77
62373,OLB,Patrick,Kossen,61,0.77
64005,OLB,Willy,Jimenez,60,0.77
60870,OLB,Juan,Delgallo,59,0.7
66427,OLB,Brian,Lin,59,0.7
61050,OLB,Roger,Tarpley,59,0.7
64932,OLB,Jared,Wethington,59,0.7
63905,OLB,John,Carroll,59,0.7
47290,OLB,Kevin,Lucas,58,0.7
57938,OLB,Thomas,Johnson,58,0.7
62766,OLB,Peter,Villena,58,0.7
63057,OLB,Anthony,Gomez,58,0.7
46534,OLB,Juan,Ibarra,57,0.7
49363,OLB,Alfonso,Mayes,57,0.7
47119,OLB,Kent,Blosch,57,0.7
58908,OLB,Richard,Zimmer,57,0.7
53231,OLB,Alan,Lopez,57,0.7
54749,OLB,Bernardo,Montes,57,0.7
28269,OLB,Shane,James,56,0.77
29520,OLB,Thomas,Cutter,56,0.7
31021,OLB,Oscar,Puga,56,0.7
30744,OLB,Quintin,Cruz,56,0.7
39385,OLB,Willie,Ward,56,0.7
28701,OLB,Omar,Williams,56,0.7
28202,OLB,Mark,Hildebrandt,56,0.77
43718,OLB,Eduardo,Fry,56,0.7
44201,OLB,Alex,Amador,56,0.7
53112,OLB,Ramon,Sanchez,56,0.7
53818,OLB,Kenneth,Perez,56,0.7
49120,OLB,Gerald,Fagan,56,0.7
58605,OLB,Juan,Lua,56,0.7
1772,OLB,Amara,Jones,51,0.7
727,OLB,Brian,Burns,50,0.7
746,OLB,Rhiner,Sanchez,50,0.7
1080,OLB,Gerald,Butler,50,0.7
1258,OLB,Aaron,Collins,50,0.7
68,OLB,Tashawn,Rollins,49,0.7
241,OLB,Jonathan,Matos,49,0.7
254,OLB,Bradley,Huff,49,0.7
447,OLB,Anthony,Gomes,49,0.7
641,OLB,Jordan,Powell,49,0.7
958,OLB,Anderson,Crawford,49,0.7
1399,OLB,Geoff,Napoli,49,0.7
105,OLB,Aaron,Bolden,48,0.7
124,OLB,Robert,Toran,48,0.7
426,OLB,Bronson,Lauderdale,48,0.7
915,OLB,Alex,Granderson,48,0.7
964,OLB,Bobby,Hammel,48,0.7
1038,OLB,Kyle,Johnson,48,0.7
1292,OLB,Cody,Hankins,48,0.7
1308,OLB,Adam,Lewis,48,0.7
1335,OLB,Tobias,Daniel,48,0.7
1398,OLB,Jimmy,Ladler,48,0.7
1514,OLB,Greg,Johnson,48,0.7
1584,OLB,Dwight,Martinez,48,0.7
550,OLB,Terrance,Jones,47,0.7
647,OLB,Josh,Hart,47,0.7
838,OLB,Marcus,Concepcion,47,0.7
851,OLB,Cole,Sanabia,47,0.7
936,OLB,Brent,Phillips,47,0.7
967,OLB,Bam,Swanson,47,0.7
993,OLB,Adam,Forrest,47,0.7
1015,OLB,Xavier,Iglesias,47,0.7
1154,OLB,Aaron,Grube,47,0.7
1185,OLB,Tim,Butera,47,0.7
1246,OLB,Sean,Cousins,47,0.7
1587,OLB,Terrance,Harrison,47,0.7
1665,OLB,Dre,Brown,47,0.7
1826,OLB,Sam,Graham,47,0.7
769,OLB,Darren,Castellanos,46,0.7
952,OLB,Kris,Perez,46,0.7
1071,OLB,Severino,Klein,46,0.7
1804,OLB,Yurendell,Tannehill,45,0.7
63526,ILB,Patrick,Green,63,0.77
62311,ILB,Brent,Stover,63,0.77
60863,ILB,Thomas,Gupta,63,0.77
63537,ILB,Narinder,Beckmann,63,0.77
60660,ILB,Victor,Gonzalez,62,0.77
60622,ILB,Aaron,Hancock,62,0.77
60948,ILB,Larry,Arwood,62,0.77
70123,ILB,Brian,Holder,62,0.77
61740,ILB,Richard,Melo,62,0.77
62461,ILB,Ross,Fox,62,0.77
63396,ILB,David,Leffew,61,0.77
62720,ILB,Roger,Wise,61,0.77
61716,ILB,Matthew,Schneider,61,0.77
61310,ILB,Jose,Delabra,61,0.77
63425,ILB,Salvador,Meza,61,0.77
61024,ILB,Scott,Carpenter,60,0.77
62673,ILB,Steve,Olson,60,0.77
67003,ILB,Patrick,Parker,60,0.77
63986,ILB,Michael,Floyd,60,0.77
57890,ILB,Emil,Mcmillan,59,0.7
58642,ILB,Jay,Campbell,59,0.7
57829,ILB,Jose,Strauch,59,0.7
63523,ILB,Theron,Orourke,59,0.77
63562,ILB,Jerry,Hofland,59,0.7
49616,ILB,James,Coyle,58,0.7
52788,ILB,Kevin,Vangrinsven,58,0.77
60633,ILB,Ronald,Leonard,58,0.7
61279,ILB,Thomas,Bomba,58,0.77
64208,ILB,Agustin,Herrera,58,0.77
65921,ILB,Gary,Stapleton,58,0.7
61990,ILB,Lawrence,Chambers,58,0.7
65549,ILB,Kenneth,Perkins,58,0.7
66487,ILB,Scott,Schovajsa,58,0.7
49893,ILB,Keith,Rappe,57,0.7
48794,ILB,Hector,Mondragon,57,0.7
49153,ILB,Nelson,Barbee,57,0.7
57655,ILB,Michael,Matthews,57,0.7
52719,ILB,Christopher,Williams,57,0.7
59427,ILB,Ernest,Carter,57,0.7
58706,ILB,Gregory,Beckman,57,0.7
29704,ILB,Ronald,Pinna,56,0.7
34258,ILB,Jeffrey,Lugge,56,0.7
41996,ILB,David,Walker,56,0.7
311,ILB,T.J.,Howard,53,0.77
85,ILB,Marcus,Poutasi,52,0.7
109,ILB,Khalil,Heinicke,52,0.7
1205,ILB,Erik,McDowell,52,0.7
116,ILB,Equanimeous,Fales,51,0.7
356,ILB,Tyler,Quijada,51,0.7
640,ILB,Christin,Whitworth,51,0.7
1545,ILB,Silvino,Gray,51,0.7
299,ILB,Antonio,Maldonado,50,0.7
593,ILB,Jorge,Clark,50,0.7
874,ILB,Erik,Montero,50,0.7
875,ILB,Quintin,Cabrera,50,0.7
1046,ILB,Brayan,Kerin,50,0.7
1052,ILB,Kyle,Montgomery,50,0.7
1285,ILB,Tavon,Cueto,50,0.7
1485,ILB,Wesley,Ryan,50,0.7
1569,ILB,Kyle,Burnes,50,0.7
140,ILB,Victor,Levrone,49,0.7
509,ILB,Gabe,Gregorius,49,0.7
800,ILB,Andrew,Frazier,49,0.7
926,ILB,Garrett,Astin,49,0.7
1273,ILB,Mark,Holmes,49,0.7
1428,ILB,Chris,Hinojosa,49,0.7
1438,ILB,Cesar,Jones,49,0.7
1525,ILB,Jeremy,Goebbert,49,0.7
1616,ILB,Cameron,Font,49,0.7
1728,ILB,Deon,Adams,49,0.7
610,ILB,Darvin,Diaz,48,0.7
705,ILB,Matt,Fales,48,0.7
995,ILB,Cody,Crawford,48,0.7
1088,ILB,Sheldon,Landry,48,0.7
1215,ILB,Victor,Lewis-Harris,48,0.7
1381,ILB,Kendall,Lyons,48,0.7
1434,ILB,Leon,Chavez,48,0.7
1727,ILB,Jordan,Howard,48,0.7
2059,ILB,David,Dickson,48,0.7
373,ILB,Michael,Hall,47,0.7
476,ILB,Daric,Parker,47,0.7
534,ILB,Alonzo,Coleman,47,0.7
619,ILB,Ryan,Fede,47,0.7
653,ILB,Orlando,Worley,47,0.7
814,ILB,Ryan,Myers,47,0.7
833,ILB,Kyle,Alcantara,47,0.7
966,ILB,Peli,Broxton,47,0.7
1002,ILB,Javier,Okafor,47,0.7
1155,ILB,Daren,Grasu,47,0.7
1284,ILB,Mo,Travis,47,0.7
1342,ILB,Nat,Ulis,47,0.7
1464,ILB,Eric,Berry,47,0.7
1763,ILB,Matt,Streater,47,0.7
1779,ILB,Scott,Ruiz,47,0.7
2527,ILB,Ryan,Wilson,47,0.7
518,ILB,MarShon,Hilland,46,0.7
1828,ILB,Kevin,Whalen,46,0.7
1281,ILB,Avery,Perry,45,0.7
62536,CB,Roger,Nettles,64,0.7
63821,CB,Michael,Rebecca,64,0.7
64731,CB,Jason,Bumbarger,63,0.7
62031,CB,Paul,Wade,63,0.7
62326,CB,Lee,Kiser,63,0.7
61295,CB,Johnathan,Drayton,63,0.7
64821,CB,Kenneth,Wheat,63,0.7
62047,CB,Everardo,Gastelum,62,0.77
61545,CB,Mario,Gonzales,62,0.7
62713,CB,Daniel,Robling,62,0.7
63427,CB,Jason,Chamblee,62,0.7
61682,CB,Gordon,Polak,62,0.7
60563,CB,Ralph,Cornelius,62,0.7
63607,CB,Leonid,Nieto,62,0.7
62645,CB,Robert,Garcia,61,0.77
68485,CB,Irvin,Guzman,61,0.77
62603,CB,Gilberto,Santana,61,0.7
67141,CB,Jesus,Casillas,61,0.77
62497,CB,Mark,Batie,61,0.77
64805,CB,Douglas,Agee,61,0.77
60681,CB,Luis,Chavez,61,0.77
64259,CB,Marcus,Singleton,60,0.77
62411,CB,Ralph,Thompson,60,0.77
64162,CB,Steven,Hall,60,0.77
62156,CB,Sang,Gin,60,0.77
65512,CB,Jerrod,Lorah,59,0.7
64990,CB,Reginald,Thomas,59,0.7
71251,CB,Wilson,Rovegno,59,0.7
67619,CB,Edward,Staton,59,0.7
63519,CB,Jonathan,George,59,0.77
62333,CB,Gregory,Hoisington,59,0.77
49589,CB,Howard,Avin,58,0.7
62802,CB,Jeffrey,Lester,58,0.7
63705,CB,Jonathan,Routzahn,58,0.77
66437,CB,Gregory,Bagley,58,0.7
63733,CB,James,Hyland,58,0.7
65485,CB,Christopher,Owens,58,0.7
63598,CB,Qing,Samuel,58,0.7
49404,CB,Ronald,Gardner,57,0.7
39274,CB,John,Crouse,57,0.7
32044,CB,Jason,Earley,57,0.7
58845,CB,Grant,Ricketts,57,0.7
53622,CB,Mauricio,Balderas,57,0.7
59502,CB,Richard,Kreitman,57,0.7
63553,CB,Mark,Holmgren,57,0.7
28264,CB,Hector,Aldana,56,0.7
49019,CB,Brian,Karr,56,0.7
34449,CB,Stephen,Armstrong,56,0.7
42458,CB,Carl,Cash,56,0.7
34198,CB,Richard,Singh,56,0.7
47841,CB,Ramiro,Pimentel,56,0.7
59408,CB,Patrick,Krammer,56,0.7
344,CB,De'Vondre,Grilli,56,0.7
367,CB,Lenny,Canady,56,0.7
440,CB,Adam,Gathers,56,0.7
380,CB,Johnny,Edwards,55,0.7
88,CB,Darrius,Marks,54,0.7
138,CB,Zach,Johnson,54,0.7
878,CB,Sam,Barbato,54,0.77
983,CB,DeMarre,Zeid,54,0.77
87,CB,Ryan,Meyer,53,0.7
292,CB,Georges,Delgado,53,0.7
301,CB,Jake,Neal,53,0.7
522,CB,Mike,Hamilton,53,0.7
638,CB,Zach,Faulkner,53,0.7
802,CB,Jayron,Casali,53,0.7
1480,CB,Skye,Hughes,53,0.7
1831,CB,D'Angelo,Baldwin,53,0.77
174,CB,Christian,Marks,52,0.7
312,CB,Jaylen,Favors,52,0.7
315,CB,DeSean,Williams,52,0.7
362,CB,Justin,Espino,52,0.7
471,CB,Sam,Tartamella,52,0.7
1008,CB,Malik,Burdi,52,0.7
1365,CB,Alex,DeShields,52,0.7
1509,CB,Tony,Kendricks,52,0.7
1565,CB,Nick,McLeod,52,0.7
1768,CB,Josh,Kilgo,52,0.7
1778,CB,Ryan,Bethea,52,0.7
1832,CB,Quincy,Hamilton,52,0.7
429,CB,Shai,Cliett,51,0.7
627,CB,Colton,Denker,51,0.7
1053,CB,Yu,Ravin,51,0.7
1111,CB,Jose,Ruiz,51,0.7
1710,CB,David,Murray,51,0.7
529,CB,Niles,Cichy,50,0.7
768,CB,David,Castro,50,0.7
885,CB,Mason,Rusin,50,0.7
910,CB,Joe,Cousins,50,0.7
1147,CB,Pierre,Jones,50,0.7
1197,CB,Irving,Gonzalez,50,0.7
1367,CB,Brandon,Cooper,50,0.7
1368,CB,Cam,Reynolds,50,0.7
1503,CB,Fabio,Smallwood,50,0.7
1534,CB,Damontae,Sierra,50,0.7
1567,CB,Scott,Delgado,50,0.7
1656,CB,Kendrick,Lutz,50,0.7
1702,CB,Zoilo,Sanborn,50,0.7
1762,CB,Nelson,Hill,50,0.7
1796,CB,Zach,Hoppes,50,0.7
1800,CB,Dakota,Powell,50,0.7
2072,CB,Larson,Ayton,50,0.7
2087,CB,Jon,Woodside,50,0.7
360,CB,Todd,Snelten,49,0.7
532,CB,Nick,Otero,49,0.7
583,CB,Jordan,Price,49,0.7
598,CB,Tyler,Pagan,49,0.7
748,CB,Corey,Sickels,49,0.7
845,CB,Justin,Wendle,49,0.7
854,CB,Nick,Houser,49,0.7
876,CB,Javon,LaCouture,49,0.7
907,CB,Richie,Baldwin,49,0.7
1103,CB,Daniel,Guerrieri,49,0.7
1400,CB,Luis,Davis,49,0.7
1433,CB,Kevin,Funchess,49,0.7
1627,CB,Daniel,Allen,49,0.7
1777,CB,Tyrone,Thornton,49,0.7
1781,CB,Ashton,Briscoe,49,0.7
2643,CB,Tyler,Pollock,49,0.7
57,CB,Mike,Morton,48,0.7
495,CB,Ichiro,Morgan,48,0.7
545,CB,Matt,Moylan,48,0.7
659,CB,Caushaud,Maronde,48,0.7
781,CB,Cole,Phillips,48,0.7
795,CB,Josh,Brown,48,0.7
820,CB,Jordan,Colon,48,0.7
930,CB,Sam,Asher,48,0.7
939,CB,Brian,Rodriguez,48,0.7
959,CB,Quandre,Terdoslavich,48,0.7
1059,CB,Ronny,Poythress,48,0.7
1240,CB,C.J.,Hester,48,0.7
1254,CB,Demone,Maker,48,0.7
1339,CB,Jeremy,Johnson,48,0.7
1396,CB,Ethan,Pringle,48,0.7
1415,CB,B.J.,Freeman,48,0.7
1470,CB,Luka,Turner,48,0.7
1510,CB,JT,Lockett,48,0.7
1542,CB,Chasen,Joseph,48,0.7
1669,CB,Kyle,Waddle,48,0.7
1682,CB,Mike,Marquez,48,0.7
1722,CB,Vonn,Cothran,48,0.7
1798,CB,Robbie,Hudson,48,0.7
1805,CB,Channing,Dissly,48,0.7
2085,CB,Ranger,Fuller,48,0.7
2352,CB,Ian,Kerley,48,0.7
2567,CB,Garett,McManus,48,0.7
2876,CB,Reid,Calhoun,48,0.7
3185,CB,John,Elder,48,0.7
491,CB,James,Coleman,47,0.7
548,CB,Danny,Roberts,47,0.7
816,CB,Timothe,Leonard,47,0.7
962,CB,Adam,Harris,47,0.7
1300,CB,Daryl,Hader,47,0.7
1383,CB,Cre'von,Hatcher,47,0.7
1424,CB,Jake,Adeniyi,47,0.7
1580,CB,Pedro,Etling,47,0.7
1647,CB,CJ,Escalona,47,0.7
1947,CB,Ryan,Manship,47,0.7
2234,CB,Jeff,Carradine,47,0.7
2310,CB,Jeremy,McHugh,47,0.7
2319,CB,Bryson,Jackson Jr.,47,0.7
2507,CB,Omar,Mannion,47,0.7
3438,CB,Tomas,Rios,47,0.7
629,CB,Francisley,Cornely,46,0.7
790,CB,Khyri,Banner,46,0.7
1042,CB,Mike,Hernandez,46,0.7
1474,CB,Hernan,Okafor,46,0.7
1591,CB,Dwight,Nieve,46,0.7
1816,CB,Udonis,Tatum,45,0.7
25717,FS,Andre,Williams,71,10.84
64470,FS,Anthony,Daniels,64,0.77
61627,FS,Richard,Surges,62,0.77
63507,FS,Frank,Robbins,61,0.7
63223,FS,Mike,Schlueter,61,0.77
62767,FS,Jon,White,61,0.7
61655,FS,Frederick,Wilmot,61,0.77
63584,FS,Wayne,Montalvo,60,0.77
63674,FS,Rajan,Larson,60,0.77
62271,FS,John,Grambo,60,0.77
59815,FS,Flavio,Martinez,59,0.7
66381,FS,Henry,Le,59,0.7
63400,FS,Vernon,Ford,59,0.7
49401,FS,Greg,Helling,58,0.7
52862,FS,Jesse,Swisher,58,0.7
47810,FS,Herman,Roberts,58,0.7
47178,FS,Luis,Tacuri,58,0.7
44243,FS,Andrew,Stone,58,0.7
49231,FS,Nathaniel,Kromah,58,0.7
57801,FS,Dwight,John,58,0.7
63291,FS,David,Cantrell,58,0.7
66231,FS,Rodney,Merrifield,58,0.7
64411,FS,Elias,Alvarez,58,0.7
40737,FS,Kerry,Hail,57,0.7
47865,FS,Mario,Aguilar,57,0.7
47768,FS,Todd,Frantz,57,0.7
52941,FS,Sheldon,Hilson,57,0.7
59565,FS,Richard,Callahan,57,0.7
59207,FS,Ernest,Arballo,57,0.7
28829,FS,Frederick,Michener,56,0.7
27594,FS,Rodney,Willis,56,0.7
34302,FS,Howard,Vosburg,56,0.77
29693,FS,Peter,Thelemaque,56,0.7
47761,FS,Manuel,Agustin,56,0.7
50071,FS,Robert,Pennetta,56,0.7
44767,FS,Lawrence,Mathews,56,0.7
49385,FS,Gary,Adamyan,56,0.7
59255,FS,Thomas,Terris,56,0.7
455,FS,JaVale,Michael,56,0.7
433,FS,Terrance,Esch,55,0.7
272,FS,Ed,Thielbar,54,0.77
196,FS,C.J.,Marquez,53,0.7
352,FS,David,Are,53,0.7
103,FS,Hunter,Smith,52,0.7
307,FS,Josh,Westerman,52,0.7
326,FS,Marchie,Pedroia,52,0.7
361,FS,Ben,Augustin,52,0.7
181,FS,Jose,Miller,51,0.7
353,FS,Johnathan,Mirotic,51,0.7
804,FS,Tyquan,Chandler,51,0.7
1457,FS,James,Lee,51,0.7
1609,FS,Adam,Hogan,51,0.7
1697,FS,Chase,Badet,51,0.7
93,FS,Aristides,Jackson,50,0.7
670,FS,D.J.,Robinson,50,0.7
872,FS,Matt,Herndon,50,0.7
1195,FS,Xavien,Frazier,50,0.7
1219,FS,Da'Mari,Lambo,50,0.7
1282,FS,Brian,Darling,50,0.7
1290,FS,Jamarco,Ellington,50,0.7
1344,FS,Alberto,Dixon,50,0.7
1349,FS,Dieugot,Walker,50,0.7
1595,FS,Brandon,Williams,50,0.7
1755,FS,Ryan,Solano,50,0.7
2665,FS,Mario,Hale,50,0.7
481,FS,Mike,Huang,49,0.7
679,FS,Ben,Bouye,49,0.7
881,FS,Adrian,Shaw,49,0.7
1491,FS,Keion,Andriese,49,0.7
1732,FS,Kyle,Coleman,49,0.7
525,FS,Miguel,Pinkins,48,0.7
835,FS,Taven,Kirkpatrick,48,0.7
873,FS,Chidobe,Mercer,48,0.7
1084,FS,Alex,Hicks,48,0.7
1260,FS,Francisco,Espinosa,48,0.7
1315,FS,Duron,Brunskill,48,0.7
1390,FS,Jose,Therezie,48,0.7
1505,FS,Dre,Barnett,48,0.7
1557,FS,Arrion,Lindsay,48,0.7
1572,FS,Taylor,Ingram,48,0.7
1588,FS,Garret,Rodriguez,48,0.7
1598,FS,Erik,Phelps,48,0.7
1623,FS,Kris,Diaz,48,0.7
1686,FS,Alex,Vujnovich,48,0.7
1799,FS,Elieser,Weiss,48,0.7
2195,FS,Nick,Bird,48,0.7
2898,FS,Justin,Henry,48,0.7
462,FS,Geneo,Jean-Baptiste,47,0.7
538,FS,Shaheed,Brinkley,47,0.7
549,FS,Malcolm,Romero,47,0.7
565,FS,Drew,Sizemore,47,0.7
577,FS,Nick,Solis,47,0.7
826,FS,Edwin,Bowen,47,0.7
1144,FS,Antoine,Hood,47,0.7
1259,FS,Jose,Howard,47,0.7
1320,FS,Thon,Burris,47,0.7
1681,FS,James,White,47,0.7
1984,FS,Warner,Thompson,47,0.7
2524,FS,J.J.,Carrera,47,0.7
1287,FS,Malik,Ramirez,46,0.7
1771,FS,Leonel,Watkins,46,0.7
61609,SS,Manish,Watson,73,18.08
63261,SS,Pablo,Jovel,64,0.7
61391,SS,Leonard,Robinson,62,0.77
63484,SS,Raymond,Teague,62,0.77
61223,SS,Christopher,Chapman,62,0.7
62348,SS,Luis,Smith,61,0.7
63656,SS,William,Rojo,61,0.7
61961,SS,Xiang,Pol,60,0.7
66179,SS,David,Smith,60,0.77
63775,SS,Michael,Jones,60,0.77
61172,SS,Larry,Walker,60,0.7
64717,SS,Christopher,Allen,60,0.7
70549,SS,Joshua,Hall,60,0.77
71441,SS,Mark,Schlegel,60,0.77
63829,SS,Elias,Lola,60,0.7
66418,SS,Michael,Walkin,59,0.7
71215,SS,Benjamin,Silva,59,0.7
53078,SS,Steven,Clark,58,0.7
33853,SS,Luther,Morris,58,0.7
57970,SS,Robert,Fox,58,0.7
44464,SS,Benjamin,Brousseau,57,0.7
48816,SS,Anthony,Meyers,57,0.7
57377,SS,Thomas,Schneider,57,0.7
58115,SS,Juan,Graves,57,0.7
26133,SS,Stephen,Homsey,56,0.7
29307,SS,Lee,Smith,56,0.7
39446,SS,Patrick,Trumbull,56,0.7
39049,SS,Arturo,Candelaria,56,0.7
34752,SS,Jaime,Perez,56,0.7
47353,SS,Steve,Kemp,56,0.7
58735,SS,Archie,Machala,56,0.7
52765,SS,Curtis,Feuerstein,56,0.7
54118,SS,Russell,Powell,56,0.7
58512,SS,Mitchell,Rhodes,56,0.7
59333,SS,Jonas,Jorgenson,56,0.7
59988,SS,Daryl,Phillips,56,0.7
79,SS,Daniel,Kirven,55,0.7
120,SS,Scott,Sherels,53,0.7
164,SS,Jordan,Sutton,53,0.7
263,SS,Blake,Toussaint,52,0.7
472,SS,Darian,Thurman,52,0.7
225,SS,Tsuyoshi,Scarlett,51,0.7
642,SS,Rob,Sanabia,51,0.7
1551,SS,Tye,Smith,51,0.7
1787,SS,Ryan,Marks,51,0.7
3418,SS,Jim,Stanley,51,0.7
64,SS,Al,Karns,50,0.7
703,SS,Levine,Guzman,50,0.7
917,SS,Alen,den Dekker,50,0.7
978,SS,Tim,Diaz,50,0.7
1490,SS,Antonio,Axelrod,50,0.7
1707,SS,Aldrick,Nsekhe,50,0.7
813,SS,Will,Lawrence,49,0.7
899,SS,Jordan,Kush,49,0.7
960,SS,Kevin,Vigil,49,0.7
2348,SS,Domonic,Sardinas,49,0.7
2651,SS,Tim,Hyde,49,0.7
928,SS,Matt,Lombardozzi,48,0.7
942,SS,Hardy,Estrada,48,0.7
1210,SS,Kendall,Cunningham,48,0.7
1432,SS,Eric,Wake,48,0.7
1672,SS,Aaron,Jones,48,0.7
475,SS,John,Basham,47,0.7
547,SS,Breyvic,Guerrero,47,0.7
622,SS,Sean,Beavers,47,0.7
903,SS,Nate,Peake,47,0.7
980,SS,Kris,Hill,47,0.7
1014,SS,Peter,Ford,47,0.7
1156,SS,Dellin,Thomas,47,0.7
1359,SS,Vontaze,Parmelee,47,0.7
1443,SS,Noe,Jefferson,47,0.7
1466,SS,Ranthony,Miller,47,0.7
1677,SS,Beau,Wright,47,0.7
511,SS,Wilmer,Levine,46,0.7
1181,SS,Dan,Nnadi,46,0.7
1194,SS,Tyron,Davis,46,0.7
1641,SS,Rich,Cooper,46,0.7
63495,K,Xin,Nevin,62,0.77
60812,K,Francis,Barmore,62,0.7
57680,K,Matthew,Walker,61,0.77
62523,K,Antonio,Frank,61,0.77
62107,K,Glenn,Brandt,61,0.77
58226,K,Richard,Yob,60,0.77
57946,K,Paul,Mcdonell,60,0.77
65458,K,Juan,Bishop,60,0.77
57563,K,Michael,Potter,58,0.7
37023,K,Jack,Schoeppner,57,0.7
48891,K,Jacob,Thaw,57,0.7
57975,K,Kenneth,Hardin,56,0.7
57669,K,Bartholomew,Bridges,56,0.7
54352,K,Phillip,Knueppel,56,0.7
55066,K,Craig,Edelen,56,0.7
218,K,Maurice,Woodson-Luster,51,0.7
1520,K,Cody,Escalona,51,0.7
773,K,Scott,Newsome,50,0.7
1607,K,Darin,Howard,49,0.7
827,K,Luis,Cunningham,48,0.7
1325,K,Josh,Carpenter,48,0.7
1468,K,Bronson,Parms,48,0.7
665,K,Jason,Moten,47,0.7
1311,K,Jerel,Romero,47,0.7
1444,K,Brandon,Smith,47,0.7
1537,K,Alfredo,Noonan,47,0.7
70256,P,Daniel,Schlabach,63,0.77
63419,P,Francisco,Orozco,62,0.77
61944,P,Eric,Copeland,61,0.77
62507,P,Hung,Min,61,0.77
60942,P,William,Shuck,61,0.7
60957,P,Tyler,Hamon,61,0.7
61859,P,Jose,Ramos,59,0.7
63296,P,Peter,Fergurson,58,0.7
56818,P,Kevin,Clark,57,0.7
48023,P,Scott,Hernandez,57,0.7
49966,P,Larry,Hersey,57,0.7
29809,P,Jeffrey,Bosquez,56,0.7
29725,P,Verne,Bunyan,56,0.7
34817,P,Fernando,Bernardez,56,0.7
38173,P,Todd,Carlson,56,0.7
48005,P,Erick,Doyle,56,0.7
59184,P,Thomas,Ramsey,56,0.7
13,P,Erik,Webb,47,0.7
